INSERT INTO Avto (id, znamka, model, moc, max_hitrost) VALUES
(1, 'Aston Martin', 'DBS Superleggera', 725 , 211),
(2, 'Ferrari', 'SF90 Stradale', 1000 , 340),
(3, 'BMW', 'M5 Competition', 625 , 305),
(4, 'Mercedes-Benz', 'AMG GT Black Series', 730 , 325),
(5, 'Porsche', '911 Turbo S', 650 , 330),
(6, 'Lamborghini', 'Aventador SVJ', 770 , 352),
(7, 'Bugatti', 'Chiron Super Sport 300+', 1600 , 490),
(8, 'McLaren', 'Speedtail', 1050 , 403),
(9, 'Pagani', 'Huayra Roadster BC', 800 , 370),
(10, 'Koenigsegg', 'Jesko Absolut', 1600 , 531),
(11, 'Aston Martin', 'Vantage AMR', 510 , 314),
(12, 'Ferrari', 'LaFerrari', 950 , 352),
(13, 'BMW', 'i8', 374 , 250),
(14, 'Mercedes-Benz', 'SLS AMG', 571 , 317),
(15, 'Porsche', '918 Spyder', 887 , 340),
(16, 'Lamborghini', 'Huracán Evo', 640 , 325),
(17, 'Bugatti', 'Veyron 16.4', 1001 , 407),
(18, 'McLaren', '720S', 720 , 341),
(19, 'Pagani', 'Zonda Cinque', 678 , 350),
(20, 'Koenigsegg', 'Agera RS', 1160 , 447);

INSERT INTO dirkalisce (id, ime_dirkalisca, mesto, drzava) VALUES
(1, 'Grand Prix Pariza', 'Pariz', 'Francija'),
(2, 'Tokyo Night Sprint', 'Tokyo', 'Japonska'),
(3, 'Barcelona Street Challenge', 'Barcelona', 'Španija'),
(4, 'Ljubljana City Circuit', 'Ljubljana', 'Slovenija'),
(5, 'New York Skyline Race', 'New York', 'ZDA'),
(6, 'London River Run', 'London', 'Velika Britanija'),
(7, 'Sydney Harbour Dash', 'Sydney', 'Avstralija'),
(8, 'Berlin Wall GP', 'Berlin', 'Nemčija'),
(9, 'Rome Colosseum Circuit', 'Rim', 'Italija'),
(10, 'Moscow Midnight Run', 'Moskva', 'Rusija'),
(11, 'Dubai Desert Drift', 'Dubaj', 'Združeni arabski emirati'),
(12, 'Cape Town Coastal Cruise', 'Cape Town', 'Južnoafriška republika'),
(13, 'Toronto Downtown Dash', 'Toronto', 'Kanada'),
(14, 'Rio Carnival Circuit', 'Rio de Janeiro', 'Brazilija'),
(15, 'Shanghai Skyline Sprint', 'Šanghaj', 'Kitajska'),
(16, 'Seoul Speed Challenge', 'Seul', 'Južna Koreja'),
(17, 'Istanbul Bridge Battle', 'Istanbul', 'Turčija'),
(18, 'Athens Acropolis Rally', 'Atene', 'Grčija'),
(19, 'Helsinki Midnight Circuit', 'Helsinki', 'Finska'),
(20, 'Vienna Ringstrasse GP', 'Dunaj', 'Avstrija');

INSERT INTO dirka (id, datum, vreme, id_dirkalisca) VALUES
(1, '2025-03-15', 'jasno', 1),
(2, '2025-04-10', 'oblačno', 2),
(3, '2025-05-05', 'jasno', 3),
(4, '2025-06-20', 'jasno', 4),
(5, '2025-07-12', 'jasno', 5),
(6, '2025-08-25', 'šibek dež', 6),
(7, '2025-09-14', 'jasno', 7),
(8, '2025-10-03', 'oblačno', 8),
(9, '2025-11-09', 'močen dež', 9),
(10, '2025-12-01', 'sneg', 10),
(11, '2025-03-28', 'jasno', 11),
(12, '2025-04-18', 'jasno', 12),
(13, '2025-05-22', 'oblačno', 13),
(14, '2025-06-05', 'jasno', 14),
(15, '2025-07-30', 'jasno', 15),
(16, '2025-08-16', 'šibek dež', 16),
(17, '2025-09-21', 'jasno', 17),
(18, '2025-10-12', 'močen dež', 18),
(19, '2025-11-07', 'oblačno', 19),
(20, '2025-12-15', 'sneg', 20),
(21, '2026-01-10', 'sneg', 19),
(22, '2026-02-14', 'oblačno', 18),
(23, '2026-03-08', 'jasno', 17),
(24, '2026-04-03', 'jasno', 16),
(25, '2026-05-19', 'jasno', 15),
(26, '2026-06-25', 'jasno', 14),
(27, '2026-07-14', 'jasno', 13),
(28, '2026-08-09', 'šibek dež', 12),
(29, '2026-09-27', 'oblačno', 11),
(30, '2026-10-20', 'močen dež', 10);

INSERT INTO uporabnik (id, uporabnisko_ime, geslo, ime, priimek, tocke, id_avto, model_avta) VALUES
(11, 'mateo', 'geslo123', 'Mateo', 'Vrtunski', 100, 1, 'DBS Superleggera'),
(22, 'tian','geslo123', 'Tian', 'Lipovšek', 100, 3, 'M5 Competition');

INSERT INTO uporabnik (id, uporabnisko_ime, geslo, ime, priimek, tocke, id_avto, model_avta) VALUES
(21, 'lewishamilton', 'silverarrows44', 'Lewis', 'Hamilton', 0, 4, 'AMG GT Black Series'),
(31, 'sebvettel', 'fourtimechamp', 'Sebastian', 'Vettel', 0, 15, '918 Spyder'),
(41, 'charlesleclerc', 'monaco16', 'Charles', 'Leclerc', 0, 12, 'LaFerrari'),
(51, 'sergioperez', 'checo11', 'Sergio', 'Pérez', 0, 6, 'Aventador SVJ'),
(61, 'georgerussell', 'mrconsistency63', 'George', 'Russell', 0, 14, 'SLS AMG'),
(71, 'lando_norris', 'norris4', 'Lando', 'Norris', 0, 18, '720S'),
(81, 'carlossainz', 'smoothoperator55', 'Carlos', 'Sainz', 0, 5, '911 Turbo S'),
(91, 'valtteribottas', 'bottas77', 'Valtteri', 'Bottas', 0, 3, 'M5 Competition'),
(101, 'danielricciardo', 'honeybadger3', 'Daniel', 'Ricciardo', 0, 16, 'Huracán Evo'),
(111, 'mickschumacher', 'schumi47', 'Mick', 'Schumacher', 0, 13, 'i8'),
(121, 'kevinmagnussen', 'km20', 'Kevin', 'Magnussen', 0, 1, 'DBS Superleggera'),
(131, 'pierregasly', 'pg10', 'Pierre', 'Gasly', 0, 7, 'Chiron Super Sport 300+'),
(141, 'estebanocon', 'ocon31', 'Esteban', 'Ocon', 0, 11, 'Vantage AMR'),
(151, 'yukitsunoda', 'tsu22', 'Yuki', 'Tsunoda', 0, 8, 'Speedtail'),
(161, 'alexalbon', 'albon23', 'Alex', 'Albon', 0, 19, 'Zonda Cinque'),
(171, 'zhouguanyu', 'zhou24', 'Zhou', 'Guanyu', 0, 9, 'Huayra Roadster BC'),
(181, 'nicoschumacher', 'nico27', 'Nico', 'Hülkenberg', 0, 10, 'Jesko Absolut'),
(191, 'oscpiasti', 'piastri81', 'Oscar', 'Piastri', 0, 17, 'Veyron 16.4'),
(201, 'felipemassa', 'massa19', 'Felipe', 'Massa', 0, 20, 'Agera RS');

INSERT INTO boss (id, uporabnisko_ime, geslo, ime, priimek, tocke, id_avto, model_avta) VALUES
(1, 'mateo', 'geslo123', 'Mateo', 'Vrtunski', 100, 1, 'DBS Superleggera'),
(2, 'tian','geslo123', 'Tian', 'Lipovšek', 100, 3, 'M5 Competition');

select * from trenutnadirka;
ALTER TABLE boss DROP COLUMN tocke;
ALTER TABLE boss DROP COLUMN id_avto;
ALTER TABLE boss DROP COLUMN model_avta;

INSERT INTO trenutnadirka (id_dirke, uporabnisko_ime, id_avto, model_avta) VALUES
(1, 'lewishamilton', 4, 'AMG GT Black Series'),
(1, 'sebvettel', 15, '918 Spyder'),
(1, 'charlesleclerc', 12, 'LaFerrari'),
(1, 'sergioperez', 6, 'Aventador SVJ'),
(1, 'georgerussell', 14, 'SLS AMG'),
(1, 'lando_norris', 18, '720S'),
(1, 'carlossainz', 5, '911 Turbo S'),
(1, 'valtteribottas', 3, 'M5 Competition'),
(1, 'danielricciardo', 16, 'Huracán Evo'),
(1, 'mickschumacher', 13, 'i8'),
(1, 'kevinmagnussen', 1, 'DBS Superleggera'),
(1, 'pierregasly', 7, 'Chiron Super Sport 300+'),
(1, 'estebanocon', 11, 'Vantage AMR'),
(1, 'yukitsunoda', 8, 'Speedtail'),
(1, 'alexalbon', 19, 'Zonda Cinque'),
(1, 'zhouguanyu', 9, 'Huayra Roadster BC'),
(1, 'nicoschumacher', 10, 'Jesko Absolut'),
(1, 'oscpiasti', 17, 'Veyron 16.4'),
(1, 'felipemassa', 20, 'Agera RS'),
(2, 'felipemassa', 20, 'Agera RS'),
(2, 'lewishamilton', 4, 'AMG GT Black Series'),
(2, 'sebvettel', 15, '918 Spyder'),
(2, 'charlesleclerc', 12, 'LaFerrari'),
(2, 'sergioperez', 6, 'Aventador SVJ'),
(2, 'georgerussell', 14, 'SLS AMG'),
(2, 'lando_norris', 18, '720S'),
(2, 'carlossainz', 5, '911 Turbo S'),
(2, 'valtteribottas', 3, 'M5 Competition'),
(2, 'danielricciardo', 16, 'Huracán Evo'),
(2, 'mickschumacher', 13, 'i8'),
(2, 'kevinmagnussen', 1, 'DBS Superleggera'),
(2, 'pierregasly', 7, 'Chiron Super Sport 300+'),
(2, 'estebanocon', 11, 'Vantage AMR'),
(2, 'yukitsunoda', 8, 'Speedtail'),
(2, 'alexalbon', 19, 'Zonda Cinque'),
(2, 'zhouguanyu', 9, 'Huayra Roadster BC'),
(2, 'nicoschumacher', 10, 'Jesko Absolut'),
(2, 'oscpiasti', 17, 'Veyron 16.4');

select * from rezultatdirke;




INSERT INTO trenutnadirka (id_dirke, uporabnisko_ime, id_avto, model_avta) VALUES
(4, 'lewishamilton', 4, 'AMG GT Black Series'),
(4, 'sebvettel', 15, '918 Spyder'),
(4, 'charlesleclerc', 12, 'LaFerrari'),
(4, 'sergioperez', 6, 'Aventador SVJ'),
(4, 'georgerussell', 14, 'SLS AMG'),
(4, 'lando_norris', 18, '720S'),
(4, 'carlossainz', 5, '911 Turbo S'),
(4, 'valtteribottas', 3, 'M5 Competition'),
(4, 'danielricciardo', 16, 'Huracán Evo'),
(4, 'mickschumacher', 13, 'i8'),
(4, 'kevinmagnussen', 1, 'DBS Superleggera'),
(4, 'pierregasly', 7, 'Chiron Super Sport 300+'),
(4, 'estebanocon', 11, 'Vantage AMR'),
(4, 'yukitsunoda', 8, 'Speedtail'),
(4, 'alexalbon', 19, 'Zonda Cinque'),
(4, 'zhouguanyu', 9, 'Huayra Roadster BC'),
(4, 'nicoschumacher', 10, 'Jesko Absolut'),
(4, 'oscpiasti', 17, 'Veyron 16.4'),
(4, 'felipemassa', 20, 'Agera RS'),
(5, 'felipemassa', 20, 'Agera RS'),
(5, 'lewishamilton', 4, 'AMG GT Black Series'),
(5, 'sebvettel', 15, '918 Spyder'),
(5, 'charlesleclerc', 12, 'LaFerrari'),
(5, 'sergioperez', 6, 'Aventador SVJ'),
(5, 'georgerussell', 14, 'SLS AMG'),
(5, 'lando_norris', 18, '720S'),
(5, 'carlossainz', 5, '911 Turbo S'),
(5, 'valtteribottas', 3, 'M5 Competition'),
(5, 'danielricciardo', 16, 'Huracán Evo'),
(5, 'mickschumacher', 13, 'i8'),
(5, 'kevinmagnussen', 1, 'DBS Superleggera'),
(5, 'pierregasly', 7, 'Chiron Super Sport 300+'),
(5, 'estebanocon', 11, 'Vantage AMR'),
(5, 'yukitsunoda', 8, 'Speedtail'),
(5, 'alexalbon', 19, 'Zonda Cinque'),
(5, 'zhouguanyu', 9, 'Huayra Roadster BC'),
(5, 'nicoschumacher', 10, 'Jesko Absolut'),
(5, 'oscpiasti', 17, 'Veyron 16.4');



INSERT INTO trenutnadirka (id_dirke, uporabnisko_ime, id_avto, model_avta) VALUES
(7, 'felipemassa', 20, 'Agera RS'),
(7, 'alexalbon', 19, 'Zonda Cinque'),
(7, 'sebvettel', 15, '918 Spyder'),
(7, 'sergioperez', 6, 'Aventador SVJ'),
(7, 'georgerussell', 14, 'SLS AMG'),
(7, 'valtteribottas', 3, 'M5 Competition'),
(7, 'danielricciardo', 16, 'Huracán Evo'),
(7, 'mickschumacher', 13, 'i8'),
(7, 'kevinmagnussen', 1, 'DBS Superleggera'),
(7, 'lando_norris', 18, '720S'),
(7, 'pierregasly', 7, 'Chiron Super Sport 300+'),
(7, 'estebanocon', 11, 'Vantage AMR'),
(7, 'charlesleclerc', 12, 'LaFerrari'),
(7, 'yukitsunoda', 8, 'Speedtail'),
(7, 'lewishamilton', 4, 'AMG GT Black Series'),
(7, 'zhouguanyu', 9, 'Huayra Roadster BC'),
(7, 'carlossainz', 5, '911 Turbo S'),
(7, 'nicoschumacher', 10, 'Jesko Absolut'),
(8, 'felipemassa', 20, 'Agera RS'),
(8, 'sebvettel', 15, '918 Spyder'),
(8, 'charlesleclerc', 12, 'LaFerrari'),
(8, 'georgerussell', 14, 'SLS AMG'),
(8, 'lando_norris', 18, '720S'),
(8, 'carlossainz', 5, '911 Turbo S'),
(8, 'yukitsunoda', 8, 'Speedtail'),
(8, 'pierregasly', 7, 'Chiron Super Sport 300+'),
(8, 'valtteribottas', 3, 'M5 Competition'),
(8, 'nicoschumacher', 10, 'Jesko Absolut'),
(8, 'danielricciardo', 16, 'Huracán Evo'),
(8, 'mickschumacher', 13, 'i8'),
(8, 'lewishamilton', 4, 'AMG GT Black Series'),
(8, 'alexalbon', 19, 'Zonda Cinque'),
(8, 'sergioperez', 6, 'Aventador SVJ'),
(8, 'kevinmagnussen', 1, 'DBS Superleggera'),
(8, 'estebanocon', 11, 'Vantage AMR'),
(8, 'zhouguanyu', 9, 'Huayra Roadster BC'),
